{
  "project_info": {
    "project_number": "623766875366",
    "project_id": "bus-booking-e994e",
    "storage_bucket": "bus-booking-e994e.appspot.com"
  },
  "client": [
    {
      "client_info": {
        "mobilesdk_app_id": "1:623766875366:android:1f9a4f1e17b17b82771f27",
        "android_client_info": {
          "package_name": "com.createapp.busbooking"
        }
      },
      "oauth_client": [
        {
          "client_id": "623766875366-o0ppbumr490kcpvvt3ma4t74lkegjp6v.apps.googleusercontent.com",
          "client_type": 3
        }
      ],
      "api_key": [
        {
          "current_key": "AIzaSyAYQKWyIpddWALO9mDVBXnlJ4Mmcb9meM0"
        }
      ],
      "services": {
        "appinvite_service": {
          "other_platform_oauth_client": [
            {
              "client_id": "623766875366-o0ppbumr490kcpvvt3ma4t74lkegjp6v.apps.googleusercontent.com",
              "client_type": 3
            }
          ]
        }
      }
    }
  ],
  "configuration_version": "1"
}